"name","sku","stocks","is_active","price","colors","sizes"
"Graspifier Homme","VIBRAM-GRASPIFIER-H-40-NOIR","13","True","120.0","Noir","40"
"Graspifier Homme","VIBRAM-GRASPIFIER-H-41-NOIR","22","True","120.0","Noir","41"
"Graspifier Homme","VIBRAM-GRASPIFIER-H-42-NOIR","8","True","120.0","Noir","42"
"Graspifier Homme","VIBRAM-GRASPIFIER-H-43-NOIR","7","True","120.0","Noir","43"
"Graspifier Homme","VIBRAM-GRASPIFIER-H-44-NOIR","16","True","120.0","Noir","44"
"Graspifier Homme","VIBRAM-GRASPIFIER-H-45-NOIR","8","True","120.0","Noir","45"
"Graspifier Homme","VIBRAM-GRASPIFIER-H-46-NOIR","25","True","120.0","Noir","46"
"Graspifier Homme","VIBRAM-GRASPIFIER-H-47-NOIR","7","True","120.0","Noir","47"
"Graspifier Homme","VIBRAM-GRASPIFIER-H-40-VERT","13","True","120.0","Vert","40"
"Graspifier Homme","VIBRAM-GRASPIFIER-H-41-VERT","22","True","120.0","Vert","41"
"Graspifier Homme","VIBRAM-GRASPIFIER-H-42-VERT","8","True","120.0","Vert","42"
"Graspifier Homme","VIBRAM-GRASPIFIER-H-43-VERT","7","True","120.0","Vert","43"
"Graspifier Homme","VIBRAM-GRASPIFIER-H-44-VERT","16","True","120.0","Vert","44"
"Graspifier Homme","VIBRAM-GRASPIFIER-H-45-VERT","8","True","120.0","Vert","45"
"Graspifier Homme","VIBRAM-GRASPIFIER-H-46-VERT","25","True","120.0","Vert","46"
"Graspifier Homme","VIBRAM-GRASPIFIER-H-47-VERT","7","True","120.0","Vert","47"
"Graspifier Femme","VIBRAM-GRASPIFIER-F-36-NOIR","6","True","120.0","Noir","36"
"Graspifier Femme","VIBRAM-GRASPIFIER-F-37-NOIR","11","True","120.0","Noir","37"
"Graspifier Femme","VIBRAM-GRASPIFIER-F-38-NOIR","5","True","120.0","Noir","38"
"Graspifier Femme","VIBRAM-GRASPIFIER-F-40-NOIR","15","True","120.0","Noir","40"
"Graspifier Femme","VIBRAM-GRASPIFIER-F-42-NOIR","12","True","120.0","Noir","42"
"Graspifier Femme","VIBRAM-GRASPIFIER-F-36-VERT","6","True","120.0","Vert","36"
"Graspifier Femme","VIBRAM-GRASPIFIER-F-37-VERT","11","True","120.0","Vert","37"
"Graspifier Femme","VIBRAM-GRASPIFIER-F-38-VERT","5","True","120.0","Vert","38"
"Graspifier Femme","VIBRAM-GRASPIFIER-F-40-VERT","15","True","120.0","Vert","40"
"Graspifier Femme","VIBRAM-GRASPIFIER-F-42-VERT","12","True","120.0","Vert","42"
"KSO EVO Homme","VIBRAM-KSO EVO-H-40-NOIR","22","True","115.0","Noir","40"
"KSO EVO Homme","VIBRAM-KSO EVO-H-41-NOIR","13","True","115.0","Noir","41"
"KSO EVO Homme","VIBRAM-KSO EVO-H-42-NOIR","25","True","115.0","Noir","42"
"KSO EVO Homme","VIBRAM-KSO EVO-H-43-NOIR","25","True","115.0","Noir","43"
"KSO EVO Homme","VIBRAM-KSO EVO-H-44-NOIR","22","True","115.0","Noir","44"
"KSO EVO Homme","VIBRAM-KSO EVO-H-40-BLANC","22","True","115.0","Blanc","40"
"KSO EVO Homme","VIBRAM-KSO EVO-H-41-BLANC","13","True","115.0","Blanc","41"
"KSO EVO Homme","VIBRAM-KSO EVO-H-42-BLANC","25","True","115.0","Blanc","42"
"KSO EVO Homme","VIBRAM-KSO EVO-H-43-BLANC","25","True","115.0","Blanc","43"
"KSO EVO Homme","VIBRAM-KSO EVO-H-44-BLANC","22","True","115.0","Blanc","44"
"KSO EVO Homme","VIBRAM-KSO EVO-H-40-JAUNE","22","True","115.0","Jaune","40"
"KSO EVO Homme","VIBRAM-KSO EVO-H-41-JAUNE","13","True","115.0","Jaune","41"
"KSO EVO Homme","VIBRAM-KSO EVO-H-42-JAUNE","25","True","115.0","Jaune","42"
"KSO EVO Homme","VIBRAM-KSO EVO-H-43-JAUNE","25","True","115.0","Jaune","43"
"KSO EVO Homme","VIBRAM-KSO EVO-H-44-JAUNE","22","True","115.0","Jaune","44"
"KSO EVO Homme","VIBRAM-KSO EVO-H-40-ORANGE","22","True","115.0","Orange","40"
"KSO EVO Homme","VIBRAM-KSO EVO-H-41-ORANGE","13","True","115.0","Orange","41"
"KSO EVO Homme","VIBRAM-KSO EVO-H-42-ORANGE","25","True","115.0","Orange","42"
"KSO EVO Homme","VIBRAM-KSO EVO-H-43-ORANGE","25","True","115.0","Orange","43"
"KSO EVO Homme","VIBRAM-KSO EVO-H-44-ORANGE","22","True","115.0","Orange","44"
"KSO EVO Femme","VIBRAM-KSO EVO-F-38-NOIR","6","True","115.0","Noir","38"
"KSO EVO Femme","VIBRAM-KSO EVO-F-39-NOIR","22","True","115.0","Noir","39"
"KSO EVO Femme","VIBRAM-KSO EVO-F-40-NOIR","11","True","115.0","Noir","40"
"KSO EVO Femme","VIBRAM-KSO EVO-F-41-NOIR","8","True","115.0","Noir","41"
"KSO EVO Femme","VIBRAM-KSO EVO-F-38-BLANC","6","True","115.0","Blanc","38"
"KSO EVO Femme","VIBRAM-KSO EVO-F-39-BLANC","22","True","115.0","Blanc","39"
"KSO EVO Femme","VIBRAM-KSO EVO-F-40-BLANC","11","True","115.0","Blanc","40"
"KSO EVO Femme","VIBRAM-KSO EVO-F-41-BLANC","8","True","115.0","Blanc","41"
"KSO EVO Femme","VIBRAM-KSO EVO-F-38-JAUNE","6","True","115.0","Jaune","38"
"KSO EVO Femme","VIBRAM-KSO EVO-F-39-JAUNE","22","True","115.0","Jaune","39"
"KSO EVO Femme","VIBRAM-KSO EVO-F-40-JAUNE","11","True","115.0","Jaune","40"
"KSO EVO Femme","VIBRAM-KSO EVO-F-41-JAUNE","8","True","115.0","Jaune","41"
"KSO EVO Femme","VIBRAM-KSO EVO-F-38-ORANGE","6","True","115.0","Orange","38"
"KSO EVO Femme","VIBRAM-KSO EVO-F-39-ORANGE","22","True","115.0","Orange","39"
"KSO EVO Femme","VIBRAM-KSO EVO-F-40-ORANGE","11","True","115.0","Orange","40"
"KSO EVO Femme","VIBRAM-KSO EVO-F-41-ORANGE","8","True","115.0","Orange","41"
"Breezandal Homme","VIBRAM-BREEZANDALS-H-39-NOIR","22","True","150.0","Noir","39"
"Breezandal Homme","VIBRAM-BREEZANDALS-H-40-NOIR","21","True","150.0","Noir","40"
"Breezandal Homme","VIBRAM-BREEZANDALS-H-41-NOIR","17","True","150.0","Noir","41"
"Breezandal Homme","VIBRAM-BREEZANDALS-H-42-NOIR","24","True","150.0","Noir","42"
"Breezandal Homme","VIBRAM-BREEZANDALS-H-44-NOIR","10","True","150.0","Noir","44"
"Breezandal Homme","VIBRAM-BREEZANDALS-H-39-VERT","22","True","150.0","Vert","39"
"Breezandal Homme","VIBRAM-BREEZANDALS-H-40-VERT","21","True","150.0","Vert","40"
"Breezandal Homme","VIBRAM-BREEZANDALS-H-41-VERT","17","True","150.0","Vert","41"
"Breezandal Homme","VIBRAM-BREEZANDALS-H-42-VERT","24","True","150.0","Vert","42"
"Breezandal Homme","VIBRAM-BREEZANDALS-H-44-VERT","10","True","150.0","Vert","44"
"Breezandal Femme","VIBRAM-BREEZANDALS-F-36-NOIR","10","True","150.0","Noir","36"
"Breezandal Femme","VIBRAM-BREEZANDALS-F-38-NOIR","7","True","150.0","Noir","38"
"Breezandal Femme","VIBRAM-BREEZANDALS-F-39-NOIR","24","True","150.0","Noir","39"
"Breezandal Femme","VIBRAM-BREEZANDALS-F-40-NOIR","8","True","150.0","Noir","40"
"Breezandal Femme","VIBRAM-BREEZANDALS-F-41-NOIR","14","True","150.0","Noir","41"
"Breezandal Femme","VIBRAM-BREEZANDALS-F-36-VERT","10","True","150.0","Vert","36"
"Breezandal Femme","VIBRAM-BREEZANDALS-F-38-VERT","7","True","150.0","Vert","38"
"Breezandal Femme","VIBRAM-BREEZANDALS-F-39-VERT","24","True","150.0","Vert","39"
"Breezandal Femme","VIBRAM-BREEZANDALS-F-40-VERT","8","True","150.0","Vert","40"
"Breezandal Femme","VIBRAM-BREEZANDALS-F-41-VERT","14","True","150.0","Vert","41"
"Roadaround Femme","VIBRAM-ROADAROUND-F-37-NOIR","24","True","180.0","Noir","37"
"Roadaround Femme","VIBRAM-ROADAROUND-F-38-NOIR","19","True","180.0","Noir","38"
"Roadaround Femme","VIBRAM-ROADAROUND-F-39-NOIR","25","True","180.0","Noir","39"
"Roadaround Femme","VIBRAM-ROADAROUND-F-40-NOIR","19","True","180.0","Noir","40"
"Roadaround Femme","VIBRAM-ROADAROUND-F-41-NOIR","10","True","180.0","Noir","41"
"Roadaround Femme","VIBRAM-ROADAROUND-F-37-BLANC","24","True","180.0","Blanc","37"
"Roadaround Femme","VIBRAM-ROADAROUND-F-38-BLANC","19","True","180.0","Blanc","38"
"Roadaround Femme","VIBRAM-ROADAROUND-F-39-BLANC","25","True","180.0","Blanc","39"
"Roadaround Femme","VIBRAM-ROADAROUND-F-40-BLANC","19","True","180.0","Blanc","40"
"Roadaround Femme","VIBRAM-ROADAROUND-F-41-BLANC","10","True","180.0","Blanc","41"
"V-Aqua Homme","VIBRAM-V-AQUA-H-39-NOIR","22","True","130.0","Noir","39"
"V-Aqua Homme","VIBRAM-V-AQUA-H-40-NOIR","8","True","130.0","Noir","40"
"V-Aqua Homme","VIBRAM-V-AQUA-H-41-NOIR","7","True","130.0","Noir","41"
"V-Aqua Homme","VIBRAM-V-AQUA-H-42-NOIR","25","True","130.0","Noir","42"
"V-Aqua Homme","VIBRAM-V-AQUA-H-43-NOIR","11","True","130.0","Noir","43"
"V-Aqua Homme","VIBRAM-V-AQUA-H-44-NOIR","17","True","130.0","Noir","44"
"V-Aqua Homme","VIBRAM-V-AQUA-H-45-NOIR","5","True","130.0","Noir","45"
"V-Aqua Homme","VIBRAM-V-AQUA-H-39-GRIS","22","True","130.0","Gris","39"
"V-Aqua Homme","VIBRAM-V-AQUA-H-40-GRIS","8","True","130.0","Gris","40"
"V-Aqua Homme","VIBRAM-V-AQUA-H-41-GRIS","7","True","130.0","Gris","41"
"V-Aqua Homme","VIBRAM-V-AQUA-H-42-GRIS","25","True","130.0","Gris","42"
"V-Aqua Homme","VIBRAM-V-AQUA-H-43-GRIS","11","True","130.0","Gris","43"
"V-Aqua Homme","VIBRAM-V-AQUA-H-44-GRIS","17","True","130.0","Gris","44"
"V-Aqua Homme","VIBRAM-V-AQUA-H-45-GRIS","5","True","130.0","Gris","45"
"V-Aqua Homme","VIBRAM-V-AQUA-H-39-VERT","22","True","130.0","Vert","39"
"V-Aqua Homme","VIBRAM-V-AQUA-H-40-VERT","8","True","130.0","Vert","40"
"V-Aqua Homme","VIBRAM-V-AQUA-H-41-VERT","7","True","130.0","Vert","41"
"V-Aqua Homme","VIBRAM-V-AQUA-H-42-VERT","25","True","130.0","Vert","42"
"V-Aqua Homme","VIBRAM-V-AQUA-H-43-VERT","11","True","130.0","Vert","43"
"V-Aqua Homme","VIBRAM-V-AQUA-H-44-VERT","17","True","130.0","Vert","44"
"V-Aqua Homme","VIBRAM-V-AQUA-H-45-VERT","5","True","130.0","Vert","45"
"V-Aqua Femme","VIBRAM-V-AQUA-F-36-NOIR","9","True","130.0","Noir","36"
"V-Aqua Femme","VIBRAM-V-AQUA-F-37-NOIR","8","True","130.0","Noir","37"
"V-Aqua Femme","VIBRAM-V-AQUA-F-38-NOIR","14","True","130.0","Noir","38"
"V-Aqua Femme","VIBRAM-V-AQUA-F-39-NOIR","22","True","130.0","Noir","39"
"V-Aqua Femme","VIBRAM-V-AQUA-F-40-NOIR","5","True","130.0","Noir","40"
"V-Aqua Femme","VIBRAM-V-AQUA-F-36-GRIS","9","True","130.0","Gris","36"
"V-Aqua Femme","VIBRAM-V-AQUA-F-37-GRIS","8","True","130.0","Gris","37"
"V-Aqua Femme","VIBRAM-V-AQUA-F-38-GRIS","14","True","130.0","Gris","38"
"V-Aqua Femme","VIBRAM-V-AQUA-F-39-GRIS","22","True","130.0","Gris","39"
"V-Aqua Femme","VIBRAM-V-AQUA-F-40-GRIS","5","True","130.0","Gris","40"
"V-Aqua Femme","VIBRAM-V-AQUA-F-36-VERT","9","True","130.0","Vert","36"
"V-Aqua Femme","VIBRAM-V-AQUA-F-37-VERT","8","True","130.0","Vert","37"
"V-Aqua Femme","VIBRAM-V-AQUA-F-38-VERT","14","True","130.0","Vert","38"
"V-Aqua Femme","VIBRAM-V-AQUA-F-39-VERT","22","True","130.0","Vert","39"
"V-Aqua Femme","VIBRAM-V-AQUA-F-40-VERT","5","True","130.0","Vert","40"
"Scramkey Homme","VIBRAM-SCRAMKEY-H-39-NOIR","8","True","160.0","Noir","39"
"Scramkey Homme","VIBRAM-SCRAMKEY-H-40-NOIR","16","True","160.0","Noir","40"
"Scramkey Homme","VIBRAM-SCRAMKEY-H-41-NOIR","7","True","160.0","Noir","41"
"Scramkey Homme","VIBRAM-SCRAMKEY-H-42-NOIR","14","True","160.0","Noir","42"
"Scramkey Homme","VIBRAM-SCRAMKEY-H-43-NOIR","16","True","160.0","Noir","43"
"Scramkey Homme","VIBRAM-SCRAMKEY-H-44-NOIR","8","True","160.0","Noir","44"
"Scramkey Homme","VIBRAM-SCRAMKEY-H-39-VERT","8","True","160.0","Vert","39"
"Scramkey Homme","VIBRAM-SCRAMKEY-H-40-VERT","16","True","160.0","Vert","40"
"Scramkey Homme","VIBRAM-SCRAMKEY-H-41-VERT","7","True","160.0","Vert","41"
"Scramkey Homme","VIBRAM-SCRAMKEY-H-42-VERT","14","True","160.0","Vert","42"
"Scramkey Homme","VIBRAM-SCRAMKEY-H-43-VERT","16","True","160.0","Vert","43"
"Scramkey Homme","VIBRAM-SCRAMKEY-H-44-VERT","8","True","160.0","Vert","44"
"V-Alpha Homme","VIBRAM-V-ALPHA-H-42-NOIR","18","True","140.0","Noir","42"
"V-Alpha Homme","VIBRAM-V-ALPHA-H-43-NOIR","11","True","140.0","Noir","43"
"V-Alpha Homme","VIBRAM-V-ALPHA-H-44-NOIR","7","True","140.0","Noir","44"
"V-Alpha Homme","VIBRAM-V-ALPHA-H-45-NOIR","11","True","140.0","Noir","45"
"V-Alpha Homme","VIBRAM-V-ALPHA-H-46-NOIR","24","True","140.0","Noir","46"
"V-Alpha Homme","VIBRAM-V-ALPHA-H-42-GRIS","18","True","140.0","Gris","42"
"V-Alpha Homme","VIBRAM-V-ALPHA-H-43-GRIS","11","True","140.0","Gris","43"
"V-Alpha Homme","VIBRAM-V-ALPHA-H-44-GRIS","7","True","140.0","Gris","44"
"V-Alpha Homme","VIBRAM-V-ALPHA-H-45-GRIS","11","True","140.0","Gris","45"
"V-Alpha Homme","VIBRAM-V-ALPHA-H-46-GRIS","24","True","140.0","Gris","46"
"V-Alpha Homme","VIBRAM-V-ALPHA-H-42-BLEU","18","True","140.0","Bleu","42"
"V-Alpha Homme","VIBRAM-V-ALPHA-H-43-BLEU","11","True","140.0","Bleu","43"
"V-Alpha Homme","VIBRAM-V-ALPHA-H-44-BLEU","7","True","140.0","Bleu","44"
"V-Alpha Homme","VIBRAM-V-ALPHA-H-45-BLEU","11","True","140.0","Bleu","45"
"V-Alpha Homme","VIBRAM-V-ALPHA-H-46-BLEU","24","True","140.0","Bleu","46"
"V-Alpha Homme","VIBRAM-V-ALPHA-H-42-ORANGE","18","True","140.0","Orange","42"
"V-Alpha Homme","VIBRAM-V-ALPHA-H-43-ORANGE","11","True","140.0","Orange","43"
"V-Alpha Homme","VIBRAM-V-ALPHA-H-44-ORANGE","7","True","140.0","Orange","44"
"V-Alpha Homme","VIBRAM-V-ALPHA-H-45-ORANGE","11","True","140.0","Orange","45"
"V-Alpha Homme","VIBRAM-V-ALPHA-H-46-ORANGE","24","True","140.0","Orange","46"
"V-Alpha Homme","VIBRAM-V-ALPHA-H-42-MARRON","18","True","140.0","Marron","42"
"V-Alpha Homme","VIBRAM-V-ALPHA-H-43-MARRON","11","True","140.0","Marron","43"
"V-Alpha Homme","VIBRAM-V-ALPHA-H-44-MARRON","7","True","140.0","Marron","44"
"V-Alpha Homme","VIBRAM-V-ALPHA-H-45-MARRON","11","True","140.0","Marron","45"
"V-Alpha Homme","VIBRAM-V-ALPHA-H-46-MARRON","24","True","140.0","Marron","46"
"V-Alpha Femme","VIBRAM-V-ALPHA-F-35-NOIR","22","True","140.0","Noir","35"
"V-Alpha Femme","VIBRAM-V-ALPHA-F-36-NOIR","16","True","140.0","Noir","36"
"V-Alpha Femme","VIBRAM-V-ALPHA-F-37-NOIR","18","True","140.0","Noir","37"
"V-Alpha Femme","VIBRAM-V-ALPHA-F-39-NOIR","20","True","140.0","Noir","39"
"V-Alpha Femme","VIBRAM-V-ALPHA-F-40-NOIR","13","True","140.0","Noir","40"
"V-Alpha Femme","VIBRAM-V-ALPHA-F-35-VERT","22","True","140.0","Vert","35"
"V-Alpha Femme","VIBRAM-V-ALPHA-F-36-VERT","16","True","140.0","Vert","36"
"V-Alpha Femme","VIBRAM-V-ALPHA-F-37-VERT","18","True","140.0","Vert","37"
"V-Alpha Femme","VIBRAM-V-ALPHA-F-39-VERT","20","True","140.0","Vert","39"
"V-Alpha Femme","VIBRAM-V-ALPHA-F-40-VERT","13","True","140.0","Vert","40"
"V-Soul Femme","VIBRAM-V-SOUL-F-37-NOIR","12","True","110.0","Noir","37"
"V-Soul Femme","VIBRAM-V-SOUL-F-38-NOIR","19","True","110.0","Noir","38"
"V-Soul Femme","VIBRAM-V-SOUL-F-39-NOIR","6","True","110.0","Noir","39"
"V-Soul Femme","VIBRAM-V-SOUL-F-40-NOIR","8","True","110.0","Noir","40"
"V-Soul Femme","VIBRAM-V-SOUL-F-42-NOIR","19","True","110.0","Noir","42"
"V-Soul Femme","VIBRAM-V-SOUL-F-37-BLANC","12","True","110.0","Blanc","37"
"V-Soul Femme","VIBRAM-V-SOUL-F-38-BLANC","19","True","110.0","Blanc","38"
"V-Soul Femme","VIBRAM-V-SOUL-F-39-BLANC","6","True","110.0","Blanc","39"
"V-Soul Femme","VIBRAM-V-SOUL-F-40-BLANC","8","True","110.0","Blanc","40"
"V-Soul Femme","VIBRAM-V-SOUL-F-42-BLANC","19","True","110.0","Blanc","42"
"Furoshiki Homme","VIBRAM-FUROSHIKI-H-40-NOIR","7","True","100.0","Noir","40"
"Furoshiki Homme","VIBRAM-FUROSHIKI-H-41-NOIR","23","True","100.0","Noir","41"
"Furoshiki Homme","VIBRAM-FUROSHIKI-H-43-NOIR","16","True","100.0","Noir","43"
"Furoshiki Homme","VIBRAM-FUROSHIKI-H-44-NOIR","18","True","100.0","Noir","44"
"Furoshiki Homme","VIBRAM-FUROSHIKI-H-45-NOIR","22","True","100.0","Noir","45"
"Furoshiki Homme","VIBRAM-FUROSHIKI-H-40-BLEU","7","True","100.0","Bleu","40"
"Furoshiki Homme","VIBRAM-FUROSHIKI-H-41-BLEU","23","True","100.0","Bleu","41"
"Furoshiki Homme","VIBRAM-FUROSHIKI-H-43-BLEU","16","True","100.0","Bleu","43"
"Furoshiki Homme","VIBRAM-FUROSHIKI-H-44-BLEU","18","True","100.0","Bleu","44"
"Furoshiki Homme","VIBRAM-FUROSHIKI-H-45-BLEU","22","True","100.0","Bleu","45"
"Furoshiki Homme","VIBRAM-FUROSHIKI-H-40-VERT","7","True","100.0","Vert","40"
"Furoshiki Homme","VIBRAM-FUROSHIKI-H-41-VERT","23","True","100.0","Vert","41"
"Furoshiki Homme","VIBRAM-FUROSHIKI-H-43-VERT","16","True","100.0","Vert","43"
"Furoshiki Homme","VIBRAM-FUROSHIKI-H-44-VERT","18","True","100.0","Vert","44"
"Furoshiki Homme","VIBRAM-FUROSHIKI-H-45-VERT","22","True","100.0","Vert","45"
"Furoshiki Femme","VIBRAM-FUROSHIKI-F-35-NOIR","5","True","100.0","Noir","35"
"Furoshiki Femme","VIBRAM-FUROSHIKI-F-36-NOIR","13","True","100.0","Noir","36"
"Furoshiki Femme","VIBRAM-FUROSHIKI-F-37-NOIR","8","True","100.0","Noir","37"
"Furoshiki Femme","VIBRAM-FUROSHIKI-F-38-NOIR","18","True","100.0","Noir","38"
"Furoshiki Femme","VIBRAM-FUROSHIKI-F-40-NOIR","16","True","100.0","Noir","40"
"Furoshiki Femme","VIBRAM-FUROSHIKI-F-35-BLEU","5","True","100.0","Bleu","35"
"Furoshiki Femme","VIBRAM-FUROSHIKI-F-36-BLEU","13","True","100.0","Bleu","36"
"Furoshiki Femme","VIBRAM-FUROSHIKI-F-37-BLEU","8","True","100.0","Bleu","37"
"Furoshiki Femme","VIBRAM-FUROSHIKI-F-38-BLEU","18","True","100.0","Bleu","38"
"Furoshiki Femme","VIBRAM-FUROSHIKI-F-40-BLEU","16","True","100.0","Bleu","40"
"Furoshiki Femme","VIBRAM-FUROSHIKI-F-35-VERT","5","True","100.0","Vert","35"
"Furoshiki Femme","VIBRAM-FUROSHIKI-F-36-VERT","13","True","100.0","Vert","36"
"Furoshiki Femme","VIBRAM-FUROSHIKI-F-37-VERT","8","True","100.0","Vert","37"
"Furoshiki Femme","VIBRAM-FUROSHIKI-F-38-VERT","18","True","100.0","Vert","38"
"Furoshiki Femme","VIBRAM-FUROSHIKI-F-40-VERT","16","True","100.0","Vert","40"
"Furoshiki Femme","VIBRAM-FUROSHIKI-F-35-ROUGE","5","True","100.0","Rouge","35"
"Furoshiki Femme","VIBRAM-FUROSHIKI-F-36-ROUGE","13","True","100.0","Rouge","36"
"Furoshiki Femme","VIBRAM-FUROSHIKI-F-37-ROUGE","8","True","100.0","Rouge","37"
"Furoshiki Femme","VIBRAM-FUROSHIKI-F-38-ROUGE","18","True","100.0","Rouge","38"
"Furoshiki Femme","VIBRAM-FUROSHIKI-F-40-ROUGE","16","True","100.0","Rouge","40"
"One Quarter Toile","VIBRAM-ONE QUARTER TOILE-U-sizes-ORANGE","21","True","99.0","Orange","sizes"
"One Quarter Toile","VIBRAM-ONE QUARTER TOILE-U-sizes-BLEU","21","True","99.0","Bleu","sizes"
"One Quarter Toile","VIBRAM-ONE QUARTER TOILE-U-sizes-ROSE","21","True","99.0","Rose","sizes"
"One Quarter Leather Homme","VIBRAM-ONE QUARTER LEATHER-H-41-N","25","True","105.0","N","41"
"One Quarter Leather Homme","VIBRAM-ONE QUARTER LEATHER-H-42-N","8","True","105.0","N","42"
"One Quarter Leather Homme","VIBRAM-ONE QUARTER LEATHER-H-44-N","7","True","105.0","N","44"
"One Quarter Leather Homme","VIBRAM-ONE QUARTER LEATHER-H-45-N","17","True","105.0","N","45"
"One Quarter Leather Homme","VIBRAM-ONE QUARTER LEATHER-H-46-N","10","True","105.0","N","46"
"One Quarter Leather Homme","VIBRAM-ONE QUARTER LEATHER-H-41-O","25","True","105.0","o","41"
"One Quarter Leather Homme","VIBRAM-ONE QUARTER LEATHER-H-42-O","8","True","105.0","o","42"
"One Quarter Leather Homme","VIBRAM-ONE QUARTER LEATHER-H-44-O","7","True","105.0","o","44"
"One Quarter Leather Homme","VIBRAM-ONE QUARTER LEATHER-H-45-O","17","True","105.0","o","45"
"One Quarter Leather Homme","VIBRAM-ONE QUARTER LEATHER-H-46-O","10","True","105.0","o","46"
"One Quarter Leather Homme","VIBRAM-ONE QUARTER LEATHER-H-41-I","25","True","105.0","i","41"
"One Quarter Leather Homme","VIBRAM-ONE QUARTER LEATHER-H-42-I","8","True","105.0","i","42"
"One Quarter Leather Homme","VIBRAM-ONE QUARTER LEATHER-H-44-I","7","True","105.0","i","44"
"One Quarter Leather Homme","VIBRAM-ONE QUARTER LEATHER-H-45-I","17","True","105.0","i","45"
"One Quarter Leather Homme","VIBRAM-ONE QUARTER LEATHER-H-46-I","10","True","105.0","i","46"
"One Quarter Leather Homme","VIBRAM-ONE QUARTER LEATHER-H-41-R","25","True","105.0","r","41"
"One Quarter Leather Homme","VIBRAM-ONE QUARTER LEATHER-H-42-R","8","True","105.0","r","42"
"One Quarter Leather Homme","VIBRAM-ONE QUARTER LEATHER-H-44-R","7","True","105.0","r","44"
"One Quarter Leather Homme","VIBRAM-ONE QUARTER LEATHER-H-45-R","17","True","105.0","r","45"
"One Quarter Leather Homme","VIBRAM-ONE QUARTER LEATHER-H-46-R","10","True","105.0","r","46"
"One Quarter Jeans Homme","VIBRAM-ONE QUARTER JEANS-H-37-N","12","True","85.0","N","37"
"One Quarter Jeans Homme","VIBRAM-ONE QUARTER JEANS-H-38-N","22","True","85.0","N","38"
"One Quarter Jeans Homme","VIBRAM-ONE QUARTER JEANS-H-39-N","11","True","85.0","N","39"
"One Quarter Jeans Homme","VIBRAM-ONE QUARTER JEANS-H-40-N","10","True","85.0","N","40"
"One Quarter Jeans Homme","VIBRAM-ONE QUARTER JEANS-H-41-N","7","True","85.0","N","41"
"One Quarter Jeans Homme","VIBRAM-ONE QUARTER JEANS-H-42-N","23","True","85.0","N","42"
"One Quarter Jeans Homme","VIBRAM-ONE QUARTER JEANS-H-37-O","12","True","85.0","o","37"
"One Quarter Jeans Homme","VIBRAM-ONE QUARTER JEANS-H-38-O","22","True","85.0","o","38"
"One Quarter Jeans Homme","VIBRAM-ONE QUARTER JEANS-H-39-O","11","True","85.0","o","39"
"One Quarter Jeans Homme","VIBRAM-ONE QUARTER JEANS-H-40-O","10","True","85.0","o","40"
"One Quarter Jeans Homme","VIBRAM-ONE QUARTER JEANS-H-41-O","7","True","85.0","o","41"
"One Quarter Jeans Homme","VIBRAM-ONE QUARTER JEANS-H-42-O","23","True","85.0","o","42"
"One Quarter Jeans Homme","VIBRAM-ONE QUARTER JEANS-H-37-I","12","True","85.0","i","37"
"One Quarter Jeans Homme","VIBRAM-ONE QUARTER JEANS-H-38-I","22","True","85.0","i","38"
"One Quarter Jeans Homme","VIBRAM-ONE QUARTER JEANS-H-39-I","11","True","85.0","i","39"
"One Quarter Jeans Homme","VIBRAM-ONE QUARTER JEANS-H-40-I","10","True","85.0","i","40"
"One Quarter Jeans Homme","VIBRAM-ONE QUARTER JEANS-H-41-I","7","True","85.0","i","41"
"One Quarter Jeans Homme","VIBRAM-ONE QUARTER JEANS-H-42-I","23","True","85.0","i","42"
"One Quarter Jeans Homme","VIBRAM-ONE QUARTER JEANS-H-37-R","12","True","85.0","r","37"
"One Quarter Jeans Homme","VIBRAM-ONE QUARTER JEANS-H-38-R","22","True","85.0","r","38"
"One Quarter Jeans Homme","VIBRAM-ONE QUARTER JEANS-H-39-R","11","True","85.0","r","39"
"One Quarter Jeans Homme","VIBRAM-ONE QUARTER JEANS-H-40-R","10","True","85.0","r","40"
"One Quarter Jeans Homme","VIBRAM-ONE QUARTER JEANS-H-41-R","7","True","85.0","r","41"
"One Quarter Jeans Homme","VIBRAM-ONE QUARTER JEANS-H-42-R","23","True","85.0","r","42"
"V-Run Homme","VIBRAM-V-RUN-H-39-NOIR","16","True","160.0","Noir","39"
"V-Run Homme","VIBRAM-V-RUN-H-40-NOIR","12","True","160.0","Noir","40"
"V-Run Homme","VIBRAM-V-RUN-H-41-NOIR","23","True","160.0","Noir","41"
"V-Run Homme","VIBRAM-V-RUN-H-42-NOIR","23","True","160.0","Noir","42"
"V-Run Homme","VIBRAM-V-RUN-H-39-BLANC","16","True","160.0","Blanc","39"
"V-Run Homme","VIBRAM-V-RUN-H-40-BLANC","12","True","160.0","Blanc","40"
"V-Run Homme","VIBRAM-V-RUN-H-41-BLANC","23","True","160.0","Blanc","41"
"V-Run Homme","VIBRAM-V-RUN-H-42-BLANC","23","True","160.0","Blanc","42"
"V-Run Femme","VIBRAM-V-RUN-F-35-NOIR","13","True","160.0","Noir","35"
"V-Run Femme","VIBRAM-V-RUN-F-36-NOIR","15","True","160.0","Noir","36"
"V-Run Femme","VIBRAM-V-RUN-F-37-NOIR","22","True","160.0","Noir","37"
"V-Run Femme","VIBRAM-V-RUN-F-38-NOIR","8","True","160.0","Noir","38"
"V-Run Femme","VIBRAM-V-RUN-F-35-ROSE","13","True","160.0","Rose","35"
"V-Run Femme","VIBRAM-V-RUN-F-36-ROSE","15","True","160.0","Rose","36"
"V-Run Femme","VIBRAM-V-RUN-F-37-ROSE","22","True","160.0","Rose","37"
"V-Run Femme","VIBRAM-V-RUN-F-38-ROSE","8","True","160.0","Rose","38"
"KMD EVO Homme","VIBRAM-KMD EVO-H-40-NOIR","9","True","190.0","Noir","40"
"KMD EVO Homme","VIBRAM-KMD EVO-H-41-NOIR","19","True","190.0","Noir","41"
"KMD EVO Homme","VIBRAM-KMD EVO-H-42-NOIR","15","True","190.0","Noir","42"
"KMD EVO Homme","VIBRAM-KMD EVO-H-43-NOIR","17","True","190.0","Noir","43"
"KMD EVO Homme","VIBRAM-KMD EVO-H-44-NOIR","14","True","190.0","Noir","44"
"KMD EVO Homme","VIBRAM-KMD EVO-H-40-VERT","9","True","190.0","Vert","40"
"KMD EVO Homme","VIBRAM-KMD EVO-H-41-VERT","19","True","190.0","Vert","41"
"KMD EVO Homme","VIBRAM-KMD EVO-H-42-VERT","15","True","190.0","Vert","42"
"KMD EVO Homme","VIBRAM-KMD EVO-H-43-VERT","17","True","190.0","Vert","43"
"KMD EVO Homme","VIBRAM-KMD EVO-H-44-VERT","14","True","190.0","Vert","44"
"KMD EVO Homme","VIBRAM-KMD EVO-H-40-BLANC","9","True","190.0","Blanc","40"
"KMD EVO Homme","VIBRAM-KMD EVO-H-41-BLANC","19","True","190.0","Blanc","41"
"KMD EVO Homme","VIBRAM-KMD EVO-H-42-BLANC","15","True","190.0","Blanc","42"
"KMD EVO Homme","VIBRAM-KMD EVO-H-43-BLANC","17","True","190.0","Blanc","43"
"KMD EVO Homme","VIBRAM-KMD EVO-H-44-BLANC","14","True","190.0","Blanc","44"
"KMD EVO Femme","VIBRAM-KMD EVO-F-36-NOIR","23","True","190.0","Noir","36"
"KMD EVO Femme","VIBRAM-KMD EVO-F-37-NOIR","14","True","190.0","Noir","37"
"KMD EVO Femme","VIBRAM-KMD EVO-F-38-NOIR","23","True","190.0","Noir","38"
"KMD EVO Femme","VIBRAM-KMD EVO-F-39-NOIR","16","True","190.0","Noir","39"
"KMD EVO Femme","VIBRAM-KMD EVO-F-40-NOIR","11","True","190.0","Noir","40"
"KMD EVO Femme","VIBRAM-KMD EVO-F-36-MARRON","23","True","190.0","Marron","36"
"KMD EVO Femme","VIBRAM-KMD EVO-F-37-MARRON","14","True","190.0","Marron","37"
"KMD EVO Femme","VIBRAM-KMD EVO-F-38-MARRON","23","True","190.0","Marron","38"
"KMD EVO Femme","VIBRAM-KMD EVO-F-39-MARRON","16","True","190.0","Marron","39"
"KMD EVO Femme","VIBRAM-KMD EVO-F-40-MARRON","11","True","190.0","Marron","40"
"V-Trail 2.0 Homme","VIBRAM-V-TRAIL 2.0-H-41-N","7","True","160.0","N","41"
"V-Trail 2.0 Homme","VIBRAM-V-TRAIL 2.0-H-42-N","10","True","160.0","N","42"
"V-Trail 2.0 Homme","VIBRAM-V-TRAIL 2.0-H-43-N","23","True","160.0","N","43"
"V-Trail 2.0 Homme","VIBRAM-V-TRAIL 2.0-H-44-N","18","True","160.0","N","44"
"V-Trail 2.0 Homme","VIBRAM-V-TRAIL 2.0-H-45-N","10","True","160.0","N","45"
"V-Trail 2.0 Homme","VIBRAM-V-TRAIL 2.0-H-41-O","7","True","160.0","o","41"
"V-Trail 2.0 Homme","VIBRAM-V-TRAIL 2.0-H-42-O","10","True","160.0","o","42"
"V-Trail 2.0 Homme","VIBRAM-V-TRAIL 2.0-H-43-O","23","True","160.0","o","43"
"V-Trail 2.0 Homme","VIBRAM-V-TRAIL 2.0-H-44-O","18","True","160.0","o","44"
"V-Trail 2.0 Homme","VIBRAM-V-TRAIL 2.0-H-45-O","10","True","160.0","o","45"
"V-Trail 2.0 Homme","VIBRAM-V-TRAIL 2.0-H-41-I","7","True","160.0","i","41"
"V-Trail 2.0 Homme","VIBRAM-V-TRAIL 2.0-H-42-I","10","True","160.0","i","42"
"V-Trail 2.0 Homme","VIBRAM-V-TRAIL 2.0-H-43-I","23","True","160.0","i","43"
"V-Trail 2.0 Homme","VIBRAM-V-TRAIL 2.0-H-44-I","18","True","160.0","i","44"
"V-Trail 2.0 Homme","VIBRAM-V-TRAIL 2.0-H-45-I","10","True","160.0","i","45"
"V-Trail 2.0 Homme","VIBRAM-V-TRAIL 2.0-H-41-R","7","True","160.0","r","41"
"V-Trail 2.0 Homme","VIBRAM-V-TRAIL 2.0-H-42-R","10","True","160.0","r","42"
"V-Trail 2.0 Homme","VIBRAM-V-TRAIL 2.0-H-43-R","23","True","160.0","r","43"
"V-Trail 2.0 Homme","VIBRAM-V-TRAIL 2.0-H-44-R","18","True","160.0","r","44"
"V-Trail 2.0 Homme","VIBRAM-V-TRAIL 2.0-H-45-R","10","True","160.0","r","45"
"V-Trail 2.0 Femme","VIBRAM-V-TRAIL 2.0-F-37-N","5","True","160.0","N","37"
"V-Trail 2.0 Femme","VIBRAM-V-TRAIL 2.0-F-38-N","7","True","160.0","N","38"
"V-Trail 2.0 Femme","VIBRAM-V-TRAIL 2.0-F-39-N","23","True","160.0","N","39"
"V-Trail 2.0 Femme","VIBRAM-V-TRAIL 2.0-F-40-N","9","True","160.0","N","40"
"V-Trail 2.0 Femme","VIBRAM-V-TRAIL 2.0-F-41-N","9","True","160.0","N","41"
"V-Trail 2.0 Femme","VIBRAM-V-TRAIL 2.0-F-37-O","5","True","160.0","o","37"
"V-Trail 2.0 Femme","VIBRAM-V-TRAIL 2.0-F-38-O","7","True","160.0","o","38"
"V-Trail 2.0 Femme","VIBRAM-V-TRAIL 2.0-F-39-O","23","True","160.0","o","39"
"V-Trail 2.0 Femme","VIBRAM-V-TRAIL 2.0-F-40-O","9","True","160.0","o","40"
"V-Trail 2.0 Femme","VIBRAM-V-TRAIL 2.0-F-41-O","9","True","160.0","o","41"
"V-Trail 2.0 Femme","VIBRAM-V-TRAIL 2.0-F-37-I","5","True","160.0","i","37"
"V-Trail 2.0 Femme","VIBRAM-V-TRAIL 2.0-F-38-I","7","True","160.0","i","38"
"V-Trail 2.0 Femme","VIBRAM-V-TRAIL 2.0-F-39-I","23","True","160.0","i","39"
"V-Trail 2.0 Femme","VIBRAM-V-TRAIL 2.0-F-40-I","9","True","160.0","i","40"
"V-Trail 2.0 Femme","VIBRAM-V-TRAIL 2.0-F-41-I","9","True","160.0","i","41"
"V-Trail 2.0 Femme","VIBRAM-V-TRAIL 2.0-F-37-R","5","True","160.0","r","37"
"V-Trail 2.0 Femme","VIBRAM-V-TRAIL 2.0-F-38-R","7","True","160.0","r","38"
"V-Trail 2.0 Femme","VIBRAM-V-TRAIL 2.0-F-39-R","23","True","160.0","r","39"
"V-Trail 2.0 Femme","VIBRAM-V-TRAIL 2.0-F-40-R","9","True","160.0","r","40"
"V-Trail 2.0 Femme","VIBRAM-V-TRAIL 2.0-F-41-R","9","True","160.0","r","41"
"V-Train 2.0 Homme","VIBRAM-V-TRAIN 2.0-H-39-NOIR","8","True","160.0","Noir","39"
"V-Train 2.0 Homme","VIBRAM-V-TRAIN 2.0-H-40-NOIR","11","True","160.0","Noir","40"
"V-Train 2.0 Homme","VIBRAM-V-TRAIN 2.0-H-42-NOIR","8","True","160.0","Noir","42"
"V-Train 2.0 Homme","VIBRAM-V-TRAIN 2.0-H-43-NOIR","24","True","160.0","Noir","43"
"V-Train 2.0 Homme","VIBRAM-V-TRAIN 2.0-H-46-NOIR","6","True","160.0","Noir","46"
"V-Train 2.0 Homme","VIBRAM-V-TRAIN 2.0-H-39-VERT","8","True","160.0","Vert","39"
"V-Train 2.0 Homme","VIBRAM-V-TRAIN 2.0-H-40-VERT","11","True","160.0","Vert","40"
"V-Train 2.0 Homme","VIBRAM-V-TRAIN 2.0-H-42-VERT","8","True","160.0","Vert","42"
"V-Train 2.0 Homme","VIBRAM-V-TRAIN 2.0-H-43-VERT","24","True","160.0","Vert","43"
"V-Train 2.0 Homme","VIBRAM-V-TRAIN 2.0-H-46-VERT","6","True","160.0","Vert","46"
"V-Train 2.0 Homme","VIBRAM-V-TRAIN 2.0-H-39-GRIS","8","True","160.0","Gris","39"
"V-Train 2.0 Homme","VIBRAM-V-TRAIN 2.0-H-40-GRIS","11","True","160.0","Gris","40"
"V-Train 2.0 Homme","VIBRAM-V-TRAIN 2.0-H-42-GRIS","8","True","160.0","Gris","42"
"V-Train 2.0 Homme","VIBRAM-V-TRAIN 2.0-H-43-GRIS","24","True","160.0","Gris","43"
"V-Train 2.0 Homme","VIBRAM-V-TRAIN 2.0-H-46-GRIS","6","True","160.0","Gris","46"
"V-Train 2.0 Femme","VIBRAM-V-TRAIN 2.0-F-35-NOIR","16","True","160.0","Noir","35"
"V-Train 2.0 Femme","VIBRAM-V-TRAIN 2.0-F-36-NOIR","8","True","160.0","Noir","36"
"V-Train 2.0 Femme","VIBRAM-V-TRAIN 2.0-F-38-NOIR","6","True","160.0","Noir","38"
"V-Train 2.0 Femme","VIBRAM-V-TRAIN 2.0-F-40-NOIR","17","True","160.0","Noir","40"
"V-Train 2.0 Femme","VIBRAM-V-TRAIN 2.0-F-35-GRIS","16","True","160.0","Gris","35"
"V-Train 2.0 Femme","VIBRAM-V-TRAIN 2.0-F-36-GRIS","8","True","160.0","Gris","36"
"V-Train 2.0 Femme","VIBRAM-V-TRAIN 2.0-F-38-GRIS","6","True","160.0","Gris","38"
"V-Train 2.0 Femme","VIBRAM-V-TRAIN 2.0-F-40-GRIS","17","True","160.0","Gris","40"
"V-Trek Homme","VIBRAM-V-TREK-H-40-NOIR","12","True","160.0","Noir","40"
"V-Trek Homme","VIBRAM-V-TREK-H-41-NOIR","6","True","160.0","Noir","41"
"V-Trek Homme","VIBRAM-V-TREK-H-43-NOIR","10","True","160.0","Noir","43"
"V-Trek Homme","VIBRAM-V-TREK-H-44-NOIR","17","True","160.0","Noir","44"
"V-Trek Homme","VIBRAM-V-TREK-H-45-NOIR","16","True","160.0","Noir","45"
"V-Trek Homme","VIBRAM-V-TREK-H-40-GRIS","12","True","160.0","Gris","40"
"V-Trek Homme","VIBRAM-V-TREK-H-41-GRIS","6","True","160.0","Gris","41"
"V-Trek Homme","VIBRAM-V-TREK-H-43-GRIS","10","True","160.0","Gris","43"
"V-Trek Homme","VIBRAM-V-TREK-H-44-GRIS","17","True","160.0","Gris","44"
"V-Trek Homme","VIBRAM-V-TREK-H-45-GRIS","16","True","160.0","Gris","45"
"V-Trek Femme","VIBRAM-V-TREK-F-36-NOIR","21","True","160.0","Noir","36"
"V-Trek Femme","VIBRAM-V-TREK-F-37-NOIR","20","True","160.0","Noir","37"
"V-Trek Femme","VIBRAM-V-TREK-F-39-NOIR","9","True","160.0","Noir","39"
"V-Trek Femme","VIBRAM-V-TREK-F-40-NOIR","5","True","160.0","Noir","40"
"V-Trek Femme","VIBRAM-V-TREK-F-42-NOIR","5","True","160.0","Noir","42"
"V-Trek Femme","VIBRAM-V-TREK-F-36-VIOLET","21","True","160.0","Violet","36"
"V-Trek Femme","VIBRAM-V-TREK-F-37-VIOLET","20","True","160.0","Violet","37"
"V-Trek Femme","VIBRAM-V-TREK-F-39-VIOLET","9","True","160.0","Violet","39"
"V-Trek Femme","VIBRAM-V-TREK-F-40-VIOLET","5","True","160.0","Violet","40"
"V-Trek Femme","VIBRAM-V-TREK-F-42-VIOLET","5","True","160.0","Violet","42"
"V-Kumo Femme","VIBRAM-V-KUMO-F-38-NOIR","17","True","120.0","Noir","38"
"V-Kumo Femme","VIBRAM-V-KUMO-F-39-NOIR","14","True","120.0","Noir","39"
"V-Kumo Femme","VIBRAM-V-KUMO-F-40-NOIR","11","True","120.0","Noir","40"
"V-Kumo Femme","VIBRAM-V-KUMO-F-41-NOIR","11","True","120.0","Noir","41"
"V-Kumo Femme","VIBRAM-V-KUMO-F-38-VERT","17","True","120.0","Vert","38"
"V-Kumo Femme","VIBRAM-V-KUMO-F-39-VERT","14","True","120.0","Vert","39"
"V-Kumo Femme","VIBRAM-V-KUMO-F-40-VERT","11","True","120.0","Vert","40"
"V-Kumo Femme","VIBRAM-V-KUMO-F-41-VERT","11","True","120.0","Vert","41"
"Spyridon EVO Homme","VIBRAM-SPYRIDON EVO-H-42-NOIR","20","True","135.0","Noir","42"
"Spyridon EVO Homme","VIBRAM-SPYRIDON EVO-H-43-NOIR","20","True","135.0","Noir","43"
"Spyridon EVO Homme","VIBRAM-SPYRIDON EVO-H-44-NOIR","21","True","135.0","Noir","44"
"Spyridon EVO Homme","VIBRAM-SPYRIDON EVO-H-45-NOIR","15","True","135.0","Noir","45"
"Spyridon EVO Homme","VIBRAM-SPYRIDON EVO-H-46-NOIR","9","True","135.0","Noir","46"
"Spyridon EVO Femme","VIBRAM-SPYRIDON EVO-F-35-NOIR","8","True","135.0","Noir","35"
"Spyridon EVO Femme","VIBRAM-SPYRIDON EVO-F-37-NOIR","14","True","135.0","Noir","37"
"Spyridon EVO Femme","VIBRAM-SPYRIDON EVO-F-38-NOIR","17","True","135.0","Noir","38"
"Spyridon EVO Femme","VIBRAM-SPYRIDON EVO-F-40-NOIR","20","True","135.0","Noir","40"
"V-Lynx Homme","VIBRAM-V-LYNX-H-39-NOIR","23","True","150.0","Noir","39"
"V-Lynx Homme","VIBRAM-V-LYNX-H-41-NOIR","6","True","150.0","Noir","41"
"V-Lynx Homme","VIBRAM-V-LYNX-H-42-NOIR","6","True","150.0","Noir","42"
"V-Lynx Homme","VIBRAM-V-LYNX-H-44-NOIR","12","True","150.0","Noir","44"
"V-Lynx Homme","VIBRAM-V-LYNX-H-47-NOIR","14","True","150.0","Noir","47"
"V-Lynx Homme","VIBRAM-V-LYNX-H-39-GRIS","23","True","150.0","Gris","39"
"V-Lynx Homme","VIBRAM-V-LYNX-H-41-GRIS","6","True","150.0","Gris","41"
"V-Lynx Homme","VIBRAM-V-LYNX-H-42-GRIS","6","True","150.0","Gris","42"
"V-Lynx Homme","VIBRAM-V-LYNX-H-44-GRIS","12","True","150.0","Gris","44"
"V-Lynx Homme","VIBRAM-V-LYNX-H-47-GRIS","14","True","150.0","Gris","47"
"V-Lynx Femme","VIBRAM-V-LYNX-F-35-NOIR","10","True","150.0","Noir","35"
"V-Lynx Femme","VIBRAM-V-LYNX-F-38-NOIR","17","True","150.0","Noir","38"
"V-Lynx Femme","VIBRAM-V-LYNX-F-39-NOIR","15","True","150.0","Noir","39"
"V-Lynx Femme","VIBRAM-V-LYNX-F-40-NOIR","11","True","150.0","Noir","40"
"V-Lynx Femme","VIBRAM-V-LYNX-F-35-GRIS","10","True","150.0","Gris","35"
"V-Lynx Femme","VIBRAM-V-LYNX-F-38-GRIS","17","True","150.0","Gris","38"
"V-Lynx Femme","VIBRAM-V-LYNX-F-39-GRIS","15","True","150.0","Gris","39"
"V-Lynx Femme","VIBRAM-V-LYNX-F-40-GRIS","11","True","150.0","Gris","40"
"EL-X Knit Homme","VIBRAM-EL-X KNIT-H-40-NOIR","8","True","125.0","Noir","40"
"EL-X Knit Homme","VIBRAM-EL-X KNIT-H-42-NOIR","9","True","125.0","Noir","42"
"EL-X Knit Homme","VIBRAM-EL-X KNIT-H-43-NOIR","5","True","125.0","Noir","43"
"EL-X Knit Homme","VIBRAM-EL-X KNIT-H-45-NOIR","11","True","125.0","Noir","45"
"EL-X Knit Homme","VIBRAM-EL-X KNIT-H-46-NOIR","24","True","125.0","Noir","46"
"EL-X Knit Homme","VIBRAM-EL-X KNIT-H-40-GRIS","8","True","125.0","Gris","40"
"EL-X Knit Homme","VIBRAM-EL-X KNIT-H-42-GRIS","9","True","125.0","Gris","42"
"EL-X Knit Homme","VIBRAM-EL-X KNIT-H-43-GRIS","5","True","125.0","Gris","43"
"EL-X Knit Homme","VIBRAM-EL-X KNIT-H-45-GRIS","11","True","125.0","Gris","45"
"EL-X Knit Homme","VIBRAM-EL-X KNIT-H-46-GRIS","24","True","125.0","Gris","46"
"EL-X Knit Femme","VIBRAM-EL-X KNIT-F-37-NOIR","8","True","125.0","Noir","37"
"EL-X Knit Femme","VIBRAM-EL-X KNIT-F-39-NOIR","21","True","125.0","Noir","39"
"EL-X Knit Femme","VIBRAM-EL-X KNIT-F-40-NOIR","11","True","125.0","Noir","40"
"EL-X Knit Femme","VIBRAM-EL-X KNIT-F-42-NOIR","14","True","125.0","Noir","42"
"EL-X Knit Femme","VIBRAM-EL-X KNIT-F-37-GRIS","8","True","125.0","Gris","37"
"EL-X Knit Femme","VIBRAM-EL-X KNIT-F-39-GRIS","21","True","125.0","Gris","39"
"EL-X Knit Femme","VIBRAM-EL-X KNIT-F-40-GRIS","11","True","125.0","Gris","40"
"EL-X Knit Femme","VIBRAM-EL-X KNIT-F-42-GRIS","14","True","125.0","Gris","42"
"KOS Vintage Homme","VIBRAM-KOS VINTAGE-H-41-VERT","8","True","110.0","Vert","41"
"KOS Vintage Homme","VIBRAM-KOS VINTAGE-H-43-VERT","15","True","110.0","Vert","43"
"KOS Vintage Homme","VIBRAM-KOS VINTAGE-H-44-VERT","13","True","110.0","Vert","44"
"KOS Vintage Homme","VIBRAM-KOS VINTAGE-H-45-VERT","8","True","110.0","Vert","45"
"KOS Vintage Homme","VIBRAM-KOS VINTAGE-H-47-VERT","12","True","110.0","Vert","47"
"KOS Vintage Homme","VIBRAM-KOS VINTAGE-H-41-BLANC","8","True","110.0","Blanc","41"
"KOS Vintage Homme","VIBRAM-KOS VINTAGE-H-43-BLANC","15","True","110.0","Blanc","43"
"KOS Vintage Homme","VIBRAM-KOS VINTAGE-H-44-BLANC","13","True","110.0","Blanc","44"
"KOS Vintage Homme","VIBRAM-KOS VINTAGE-H-45-BLANC","8","True","110.0","Blanc","45"
"KOS Vintage Homme","VIBRAM-KOS VINTAGE-H-47-BLANC","12","True","110.0","Blanc","47"
"KMD sport","VIBRAM-KMD SPORT-U-38-JAUNE","18","True","120.0","Jaune","38"
"KMD sport","VIBRAM-KMD SPORT-U-39-JAUNE","13","True","120.0","Jaune","39"
"KMD sport","VIBRAM-KMD SPORT-U-40-JAUNE","11","True","120.0","Jaune","40"
"KMD sport","VIBRAM-KMD SPORT-U-41-JAUNE","25","True","120.0","Jaune","41"
"KMD sport","VIBRAM-KMD SPORT-U-42-JAUNE","23","True","120.0","Jaune","42"
"KMD sport","VIBRAM-KMD SPORT-U-43-JAUNE","12","True","120.0","Jaune","43"
"V-street","VIBRAM-V-STREET-U-39-NOIR","13","True","215.0","Noir","39"
"V-street","VIBRAM-V-STREET-U-41-NOIR","25","True","215.0","Noir","41"
"V-street","VIBRAM-V-STREET-U-42-NOIR","16","True","215.0","Noir","42"
"V-street","VIBRAM-V-STREET-U-44-NOIR","15","True","215.0","Noir","44"
"V-street","VIBRAM-V-STREET-U-45-NOIR","13","True","215.0","Noir","45"
"V-street","VIBRAM-V-STREET-U-39-GRIS","13","True","215.0","Gris","39"
"V-street","VIBRAM-V-STREET-U-41-GRIS","25","True","215.0","Gris","41"
"V-street","VIBRAM-V-STREET-U-42-GRIS","16","True","215.0","Gris","42"
"V-street","VIBRAM-V-STREET-U-44-GRIS","15","True","215.0","Gris","44"
"V-street","VIBRAM-V-STREET-U-45-GRIS","13","True","215.0","Gris","45"
"V-street","VIBRAM-V-STREET-U-39-BLANC","13","True","215.0","Blanc","39"
"V-street","VIBRAM-V-STREET-U-41-BLANC","25","True","215.0","Blanc","41"
"V-street","VIBRAM-V-STREET-U-42-BLANC","16","True","215.0","Blanc","42"
"V-street","VIBRAM-V-STREET-U-44-BLANC","15","True","215.0","Blanc","44"
"V-street","VIBRAM-V-STREET-U-45-BLANC","13","True","215.0","Blanc","45"
